id,tempo,estado,dist_jogador
10,0.000,PATRULHA,625.84
10,0.022,PATRULHA,625.84
10,0.026,PATRULHA,625.84
10,0.028,PATRULHA,625.84
10,0.031,PATRULHA,625.84
10,0.042,PATRULHA,625.84
10,0.059,PATRULHA,625.84
10,0.075,PATRULHA,625.84
10,0.094,PATRULHA,625.84
10,0.109,PATRULHA,625.84
10,0.126,PATRULHA,625.84
10,0.142,PATRULHA,625.84
10,0.159,PATRULHA,625.84
10,0.175,PATRULHA,625.84
10,0.192,PATRULHA,625.84
10,0.209,PATRULHA,625.84
10,0.225,PATRULHA,625.10
10,0.242,PATRULHA,624.37
10,0.259,PATRULHA,623.62
10,0.275,PATRULHA,622.86
10,0.292,PATRULHA,622.14
10,0.309,PATRULHA,621.40
10,0.326,PATRULHA,620.67
10,0.342,PATRULHA,619.93
10,0.359,PATRULHA,619.19
10,0.376,PATRULHA,617.41
10,0.392,PATRULHA,615.61
10,0.409,PATRULHA,613.83
10,0.426,PATRULHA,612.04
10,0.442,PATRULHA,610.27
10,0.459,PATRULHA,608.51
10,0.476,PATRULHA,606.76
10,0.492,PATRULHA,604.99
10,0.509,PATRULHA,603.27
10,0.525,PATRULHA,601.54
10,0.543,PATRULHA,598.89
10,0.559,PATRULHA,596.17
10,0.575,PATRULHA,593.60
10,0.592,PATRULHA,590.93
10,0.609,PATRULHA,588.26
10,0.626,PATRULHA,585.62
10,0.643,PATRULHA,582.82
10,0.659,PATRULHA,580.05
10,0.676,PATRULHA,577.33
10,0.693,PATRULHA,574.50
10,0.709,PATRULHA,571.77
10,0.726,PATRULHA,569.96
10,0.743,PATRULHA,568.18
10,0.759,PATRULHA,566.36
10,0.776,PATRULHA,564.58
10,0.792,PATRULHA,562.75
10,0.809,PATRULHA,561.01
10,0.826,PATRULHA,559.21
10,0.842,PATRULHA,557.46
10,0.860,PATRULHA,555.77
10,0.876,PATRULHA,554.05
10,0.893,PATRULHA,552.40
10,0.909,PATRULHA,550.74
10,0.926,PATRULHA,549.13
10,0.943,PATRULHA,547.49
10,0.960,PATRULHA,547.38
10,0.975,PATRULHA,547.29
10,0.992,PATRULHA,547.21
10,1.009,PATRULHA,547.14
10,1.026,PATRULHA,547.07
10,1.042,PATRULHA,547.02
10,1.060,PATRULHA,546.97
10,1.076,PATRULHA,545.34
10,1.093,PATRULHA,543.83
10,1.109,PATRULHA,542.26
10,1.126,PATRULHA,540.73
10,1.143,PATRULHA,539.19
10,1.159,PATRULHA,537.69
10,1.176,PATRULHA,536.21
10,1.192,PATRULHA,534.67
10,1.209,PATRULHA,533.21
10,1.225,PATRULHA,531.74
10,1.243,PATRULHA,530.28
10,1.259,PATRULHA,528.78
10,1.276,PATRULHA,527.36
10,1.293,PATRULHA,525.91
10,1.309,PATRULHA,524.43
10,1.326,PATRULHA,523.03
10,1.343,PATRULHA,521.62
10,1.360,PATRULHA,520.21
10,1.376,PATRULHA,518.74
10,1.392,PATRULHA,517.48
10,1.409,PATRULHA,516.13
10,1.426,PATRULHA,514.78
10,1.442,PATRULHA,513.43
10,1.459,PATRULHA,512.10
10,1.476,PATRULHA,510.78
10,1.492,PATRULHA,510.84
10,1.509,PATRULHA,510.91
10,1.525,PATRULHA,510.98
10,1.542,PATRULHA,511.06
10,1.559,PATRULHA,511.15
10,1.575,PATRULHA,511.24
10,1.592,PATRULHA,511.34
10,1.609,PATRULHA,511.45
10,1.625,PATRULHA,511.56
10,1.642,PATRULHA,511.68
10,1.659,PATRULHA,511.81
10,1.676,PATRULHA,511.94
10,1.692,PATRULHA,512.09
10,1.709,PATRULHA,512.23
10,1.726,PATRULHA,512.39
10,1.742,PATRULHA,512.55
10,1.759,PATRULHA,512.72
10,1.775,PATRULHA,512.89
10,1.792,PATRULHA,513.08
10,1.809,PATRULHA,513.27
10,1.825,PATRULHA,513.47
10,1.843,PATRULHA,513.66
10,1.859,PATRULHA,513.88
10,1.876,PATRULHA,514.09
10,1.893,PATRULHA,514.32
10,1.909,PATRULHA,514.80
10,1.926,PATRULHA,515.23
10,1.943,PATRULHA,515.72
10,1.959,PATRULHA,516.20
10,1.977,PATRULHA,516.68
10,1.993,PATRULHA,517.22
10,2.010,PATRULHA,517.72
10,2.026,PATRULHA,518.26
10,2.042,PATRULHA,519.57
10,2.059,PATRULHA,520.94
10,2.076,PATRULHA,522.30
10,2.093,PATRULHA,523.72
10,2.109,PATRULHA,525.19
10,2.126,PATRULHA,526.49
10,2.143,PATRULHA,527.92
10,2.159,PATRULHA,529.33
10,2.175,PATRULHA,530.66
10,2.192,PATRULHA,532.08
10,2.209,PATRULHA,533.48
10,2.225,PATRULHA,534.90
10,2.243,PATRULHA,536.29
10,2.260,PATRULHA,537.75
10,2.276,PATRULHA,539.18
10,2.292,PATRULHA,540.53
10,2.310,PATRULHA,541.95
10,2.326,PATRULHA,543.41
10,2.343,PATRULHA,544.81
10,2.359,PATRULHA,546.22
10,2.376,PATRULHA,547.65
10,2.392,PATRULHA,549.06
10,2.410,PATRULHA,550.48
10,2.426,PATRULHA,551.97
10,2.443,PATRULHA,553.33
10,2.459,PATRULHA,554.81
10,2.477,PATRULHA,556.18
10,2.492,PATRULHA,557.68
10,2.509,PATRULHA,559.04
10,2.526,PATRULHA,560.51
10,2.542,PATRULHA,561.65
10,2.559,PATRULHA,562.82
10,2.575,PATRULHA,564.02
10,2.592,PATRULHA,565.16
10,2.609,PATRULHA,565.55
10,2.625,PATRULHA,565.95
10,2.642,PATRULHA,566.35
10,2.659,PATRULHA,566.77
10,2.676,PATRULHA,567.36
10,2.692,PATRULHA,567.97
10,2.709,PATRULHA,568.56
10,2.726,PATRULHA,569.18
10,2.742,PATRULHA,569.78
10,2.759,PATRULHA,570.37
10,2.776,PATRULHA,570.79
10,2.793,PATRULHA,571.22
10,2.809,PATRULHA,571.66
10,2.826,PATRULHA,572.10
10,2.842,PATRULHA,572.56
10,2.860,PATRULHA,573.00
10,2.877,PATRULHA,571.90
10,2.892,PATRULHA,570.92
10,2.909,PATRULHA,570.00
10,2.926,PATRULHA,569.02
10,2.943,PATRULHA,568.02
10,2.959,PATRULHA,567.05
10,2.976,PATRULHA,566.11
10,2.993,PATRULHA,565.18
10,3.009,PATRULHA,564.22
10,3.026,PATRULHA,563.32
10,3.042,PATRULHA,562.39
10,3.059,PATRULHA,561.47
10,3.076,PATRULHA,560.56
10,3.093,PATRULHA,559.68
10,3.109,PATRULHA,558.77
10,3.127,PATRULHA,557.92
10,3.143,PATRULHA,557.01
10,3.159,PATRULHA,557.70
10,3.176,PATRULHA,558.36
10,3.193,PATRULHA,559.11
10,3.209,PATRULHA,559.80
10,3.226,PATRULHA,560.52
10,3.242,PATRULHA,561.24
10,3.259,PATRULHA,561.96
10,3.277,PATRULHA,562.72
10,3.293,PATRULHA,564.14
10,3.309,PATRULHA,565.43
10,3.326,PATRULHA,566.80
10,3.342,PATRULHA,568.15
10,3.359,PATRULHA,569.46
10,3.376,PATRULHA,570.79
10,3.393,PATRULHA,572.17
10,3.409,PATRULHA,573.55
10,3.426,PATRULHA,574.90
10,3.443,PATRULHA,576.23
10,3.459,PATRULHA,577.59
10,3.476,PATRULHA,578.92
10,3.492,PATRULHA,580.33
10,3.509,PATRULHA,581.62
10,3.525,PATRULHA,583.01
10,3.542,PATRULHA,584.33
10,3.559,PATRULHA,585.70
10,3.576,PATRULHA,587.03
10,3.593,PATRULHA,588.41
10,3.609,PATRULHA,589.84
10,3.626,PATRULHA,591.14
10,3.642,PATRULHA,592.53
10,3.659,PATRULHA,593.89
10,3.676,PATRULHA,595.28
10,3.692,PATRULHA,596.63
10,3.709,PATRULHA,597.99
10,3.725,PATRULHA,599.37
10,3.745,PATRULHA,600.73
10,3.760,PATRULHA,602.34
10,3.776,PATRULHA,603.59
10,3.792,PATRULHA,604.96
10,3.809,PATRULHA,606.39
10,3.826,PATRULHA,607.89
10,3.843,PATRULHA,609.29
10,3.859,PATRULHA,610.78
10,3.876,PATRULHA,612.21
10,3.892,PATRULHA,613.73
10,3.910,PATRULHA,615.13
10,3.926,PATRULHA,616.64
10,3.942,PATRULHA,618.08
10,3.960,PATRULHA,619.46
10,3.976,PATRULHA,621.00
10,3.994,PATRULHA,622.57
10,4.009,PATRULHA,624.26
10,4.026,PATRULHA,625.15
10,4.042,PATRULHA,626.11
10,4.059,PATRULHA,627.10
10,4.076,PATRULHA,628.10
10,4.092,PATRULHA,629.10
10,4.109,PATRULHA,630.08
10,4.126,PATRULHA,631.10
10,4.143,PATRULHA,632.10
10,4.159,PATRULHA,633.13
10,4.176,PATRULHA,634.11
10,4.193,PATRULHA,635.70
10,4.209,PATRULHA,637.38
10,4.229,PATRULHA,639.08
10,4.244,PATRULHA,641.13
10,4.261,PATRULHA,642.60
10,4.277,PATRULHA,644.36
10,4.293,PATRULHA,646.00
10,4.309,PATRULHA,647.65
10,4.326,PATRULHA,649.34
10,4.343,PATRULHA,651.05
10,4.360,PATRULHA,652.82
10,4.376,PATRULHA,654.58
10,4.393,PATRULHA,656.19
10,4.410,PATRULHA,657.94
10,4.427,PATRULHA,659.76
10,4.442,PATRULHA,661.56
10,4.459,PATRULHA,663.10
10,4.476,PATRULHA,664.89
10,4.492,PATRULHA,666.58
10,4.509,PATRULHA,668.33
10,4.526,PATRULHA,670.07
10,4.542,PATRULHA,671.80
10,4.559,PATRULHA,673.53
10,4.576,PATRULHA,674.79
10,4.593,PATRULHA,676.01
10,4.611,PATRULHA,677.24
10,4.627,PATRULHA,678.87
10,4.643,PATRULHA,680.30
10,4.660,PATRULHA,681.73
10,4.679,PATRULHA,683.25
10,4.693,PATRULHA,684.97
10,4.710,PATRULHA,686.24
10,4.727,PATRULHA,687.79
10,4.742,PATRULHA,689.35
10,4.759,PATRULHA,690.78
10,4.776,PATRULHA,692.36
10,4.793,PATRULHA,693.87
10,4.810,PATRULHA,695.48
10,4.826,PATRULHA,697.06
10,4.843,PATRULHA,698.65
10,4.859,PATRULHA,700.24
10,4.876,PATRULHA,701.75
10,4.893,PATRULHA,703.33
10,4.910,PATRULHA,705.01
10,4.925,PATRULHA,706.57
10,4.943,PATRULHA,708.09
10,4.959,PATRULHA,709.75
10,4.976,PATRULHA,710.03
10,4.993,PATRULHA,710.34
10,5.010,PATRULHA,710.65
10,5.028,PATRULHA,710.97
10,5.043,PATRULHA,711.34
10,5.059,PATRULHA,711.65
10,5.076,PATRULHA,711.98
10,5.093,PATRULHA,712.36
10,5.110,PATRULHA,712.73
10,5.127,PATRULHA,713.12
10,5.144,PATRULHA,713.53
10,5.162,PATRULHA,713.95
10,5.179,PATRULHA,714.42
10,5.194,PATRULHA,714.85
10,5.211,PATRULHA,715.25
10,5.226,PATRULHA,715.72
10,5.243,PATRULHA,716.14
10,5.259,PATRULHA,716.67
10,5.275,PATRULHA,717.17
10,5.292,PATRULHA,717.71
10,5.309,PATRULHA,718.28
10,5.327,PATRULHA,718.85
10,5.343,PATRULHA,719.45
10,5.359,PATRULHA,720.02
10,5.376,PATRULHA,720.61
10,5.393,PATRULHA,721.22
10,5.409,PATRULHA,721.84
10,5.427,PATRULHA,722.47
10,5.443,PATRULHA,723.15
10,5.460,PATRULHA,723.75
10,5.479,PATRULHA,724.44
10,5.493,PATRULHA,725.22
10,5.510,PATRULHA,725.80
10,5.526,PATRULHA,726.48
10,5.543,PATRULHA,727.18
10,5.561,PATRULHA,727.89
10,5.576,PATRULHA,728.69
10,5.593,PATRULHA,729.35
10,5.609,PATRULHA,730.10
10,5.626,PATRULHA,730.84
10,5.642,PATRULHA,731.62
10,5.659,PATRULHA,732.35
10,5.675,PATRULHA,733.14
10,5.692,PATRULHA,733.93
10,5.710,PATRULHA,734.74
10,5.726,PATRULHA,735.60
10,5.744,PATRULHA,736.38
10,5.760,PATRULHA,737.31
10,5.776,PATRULHA,738.12
10,5.793,PATRULHA,738.92
10,5.809,PATRULHA,739.83
10,5.826,PATRULHA,740.66
10,5.843,PATRULHA,741.58
10,5.860,PATRULHA,742.49
10,5.876,PATRULHA,743.39
10,5.895,PATRULHA,744.26
10,5.909,PATRULHA,745.35
10,5.926,PATRULHA,746.16
10,5.944,PATRULHA,747.09
10,5.961,PATRULHA,748.11
10,5.977,PATRULHA,749.15
10,5.995,PATRULHA,750.07
10,6.009,PATRULHA,751.12
10,6.028,PATRULHA,751.99
10,6.044,PATRULHA,753.14
10,6.061,PATRULHA,754.09
10,6.077,PATRULHA,755.16
10,6.093,PATRULHA,756.11
10,6.110,PATRULHA,757.12
10,6.129,PATRULHA,758.23
10,6.143,PATRULHA,759.46
10,6.159,PATRULHA,760.34
10,6.176,PATRULHA,761.39
10,6.192,PATRULHA,762.49
10,6.209,PATRULHA,763.57
10,6.227,PATRULHA,764.65
10,6.243,PATRULHA,765.90
10,6.260,PATRULHA,766.95
10,6.276,PATRULHA,768.14
10,6.294,PATRULHA,769.20
10,6.310,PATRULHA,770.49
10,6.328,PATRULHA,771.56
10,6.344,PATRULHA,772.83
10,6.359,PATRULHA,772.49
10,6.377,PATRULHA,772.18
10,6.394,PATRULHA,771.82
10,6.411,PATRULHA,771.49
10,6.426,PATRULHA,771.16
10,6.443,PATRULHA,770.89
10,6.459,PATRULHA,770.59
10,6.478,PATRULHA,770.31
10,6.493,PATRULHA,768.72
10,6.509,PATRULHA,767.41
10,6.526,PATRULHA,766.41
10,6.542,PATRULHA,765.38
10,6.559,PATRULHA,764.36
10,6.576,PATRULHA,763.31
10,6.593,PATRULHA,762.27
10,6.609,PATRULHA,761.23
10,6.626,PATRULHA,760.24
10,6.643,PATRULHA,759.16
10,6.660,PATRULHA,758.17
10,6.676,PATRULHA,757.08
10,6.693,PATRULHA,756.11
10,6.710,PATRULHA,755.11
10,6.726,PATRULHA,754.07
10,6.743,PATRULHA,753.08
10,6.759,PATRULHA,752.07
10,6.777,PATRULHA,751.09
10,6.794,PATRULHA,750.01
10,6.810,PATRULHA,748.95
10,6.826,PATRULHA,747.99
10,6.843,PATRULHA,746.64
10,6.861,PATRULHA,745.12
10,6.879,PATRULHA,744.85
10,6.892,PATRULHA,744.58
10,6.909,PATRULHA,744.39
10,6.926,PATRULHA,744.15
10,6.943,PATRULHA,743.91
10,6.959,PATRULHA,743.67
10,6.977,PATRULHA,743.45
10,6.993,PATRULHA,743.22
10,7.011,PATRULHA,743.02
10,7.028,PATRULHA,742.79
10,7.046,PATRULHA,742.60
10,7.061,PATRULHA,742.41
10,7.078,PATRULHA,742.24
10,7.097,PATRULHA,742.07
10,7.112,PATRULHA,741.89
10,7.128,PATRULHA,741.76
10,7.145,PATRULHA,741.55
10,7.161,PATRULHA,741.36
10,7.179,PATRULHA,741.18
10,7.195,PATRULHA,740.99
10,7.213,PATRULHA,740.82
10,7.228,PATRULHA,740.65
10,7.245,PATRULHA,740.51
10,7.261,PATRULHA,740.36
10,7.278,PATRULHA,740.22
10,7.295,PATRULHA,740.08
10,7.313,PATRULHA,739.95
10,7.329,PATRULHA,739.83
10,7.345,PATRULHA,739.65
10,7.362,PATRULHA,739.47
10,7.379,PATRULHA,739.29
10,7.395,PATRULHA,737.80
10,7.412,PATRULHA,736.41
10,7.428,PATRULHA,734.91
10,7.446,PATRULHA,733.57
10,7.461,PATRULHA,732.03
10,7.478,PATRULHA,730.68
10,7.495,PATRULHA,729.26
10,7.512,PATRULHA,727.80
10,7.529,PATRULHA,726.32
10,7.545,PATRULHA,726.45
10,7.561,PATRULHA,726.58
10,7.579,PATRULHA,727.36
10,7.596,PATRULHA,728.18
10,7.612,PATRULHA,729.00
10,7.628,PATRULHA,729.74
10,7.645,PATRULHA,730.51
10,7.662,PATRULHA,731.31
10,7.678,PATRULHA,732.10
10,7.695,PATRULHA,732.89
10,7.712,PATRULHA,733.68
10,7.728,PATRULHA,734.50
10,7.745,PATRULHA,735.24
10,7.761,PATRULHA,736.08
10,7.778,PATRULHA,736.90
10,7.795,PATRULHA,737.74
10,7.811,PATRULHA,738.59
10,7.828,PATRULHA,739.40
10,7.846,PATRULHA,740.24
10,7.861,PATRULHA,741.12
10,7.878,PATRULHA,741.90
10,7.895,PATRULHA,744.37
10,7.911,PATRULHA,745.57
10,7.928,PATRULHA,746.75
10,7.945,PATRULHA,747.93
10,7.961,PATRULHA,749.13
10,7.979,PATRULHA,750.34
10,7.995,PATRULHA,751.61
10,8.012,PATRULHA,752.77
10,8.028,PATRULHA,754.00
10,8.045,PATRULHA,755.22
10,8.062,PATRULHA,756.16
10,8.078,PATRULHA,757.12
10,8.095,PATRULHA,758.08
10,8.113,PATRULHA,759.04
10,8.128,PATRULHA,760.07
10,8.145,PATRULHA,760.99
10,8.161,PATRULHA,761.99
10,8.178,PATRULHA,762.93
10,8.195,PATRULHA,763.90
10,8.211,PATRULHA,764.88
10,8.228,PATRULHA,765.86
10,8.245,PATRULHA,766.83
10,8.261,PATRULHA,767.89
10,8.278,PATRULHA,768.84
10,8.295,PATRULHA,769.86
10,8.312,PATRULHA,770.88
10,8.328,PATRULHA,771.91
10,8.345,PATRULHA,772.93
10,8.361,PATRULHA,773.97
10,8.379,PATRULHA,774.93
10,8.395,PATRULHA,775.96
10,8.412,PATRULHA,776.89
10,8.428,PATRULHA,777.89
10,8.445,PATRULHA,778.86
10,8.462,PATRULHA,779.87
10,8.479,PATRULHA,780.86
10,8.495,PATRULHA,781.90
10,8.511,PATRULHA,784.05
10,8.529,PATRULHA,786.23
10,8.545,PATRULHA,788.58
10,8.561,PATRULHA,790.64
10,8.578,PATRULHA,792.88
10,8.594,PATRULHA,794.99
10,8.611,PATRULHA,795.34
10,8.628,PATRULHA,795.71
10,8.645,PATRULHA,796.06
10,8.661,PATRULHA,796.44
10,8.678,PATRULHA,796.78
10,8.695,PATRULHA,797.14
10,8.712,PATRULHA,797.50
10,8.728,PATRULHA,797.86
10,8.745,PATRULHA,798.22
10,8.761,PATRULHA,798.57
10,8.778,PATRULHA,799.27
10,8.796,PATRULHA,799.98
10,8.811,PATRULHA,800.64
10,8.828,PATRULHA,801.23
10,8.848,PATRULHA,801.87
10,8.864,PATRULHA,802.61
10,8.881,PATRULHA,803.24
10,8.898,PATRULHA,803.87
10,8.914,PATRULHA,804.51
10,8.934,PATRULHA,805.14
10,8.950,PATRULHA,805.88
10,8.964,PATRULHA,806.52
10,8.982,PATRULHA,807.02
10,8.997,PATRULHA,808.46
10,9.014,PATRULHA,810.73
10,9.031,PATRULHA,811.92
10,9.047,PATRULHA,814.33
10,9.066,PATRULHA,816.71
10,9.081,PATRULHA,819.40
10,9.097,PATRULHA,821.56
10,9.114,PATRULHA,824.00
10,9.131,PATRULHA,826.29
10,9.147,PATRULHA,828.47
10,9.164,PATRULHA,830.70
10,9.181,PATRULHA,832.91
10,9.200,PATRULHA,835.19
10,9.214,PATRULHA,837.78
10,9.231,PATRULHA,839.64
10,9.245,PATRULHA,841.89
10,9.262,PATRULHA,843.76
10,9.278,PATRULHA,846.01
10,9.295,PATRULHA,848.25
10,9.312,PATRULHA,850.50
10,9.328,PATRULHA,852.74
10,9.346,PATRULHA,854.96
10,9.361,PATRULHA,857.29
10,9.378,PATRULHA,859.38
10,9.395,PATRULHA,861.66
10,9.412,PATRULHA,863.91
10,9.428,PATRULHA,866.16
10,9.445,PATRULHA,868.37
10,9.461,PATRULHA,870.60
10,9.479,PATRULHA,872.85
10,9.495,PATRULHA,875.19
10,9.513,PATRULHA,876.21
10,9.528,PATRULHA,877.30
10,9.545,PATRULHA,878.25
10,9.561,PATRULHA,879.29
10,9.578,PATRULHA,880.34
10,9.595,PATRULHA,881.37
10,9.612,PATRULHA,880.89
10,9.628,PATRULHA,880.39
10,9.645,PATRULHA,879.95
10,9.661,PATRULHA,879.48
10,9.678,PATRULHA,879.01
10,9.695,PATRULHA,878.54
10,9.712,PATRULHA,878.08
10,9.728,PATRULHA,877.61
10,9.745,PATRULHA,877.14
10,9.762,PATRULHA,876.68
10,9.778,PATRULHA,876.20
10,9.795,PATRULHA,875.75
10,9.811,PATRULHA,875.31
10,9.828,PATRULHA,874.85
10,9.845,PATRULHA,874.32
10,9.861,PATRULHA,873.80
10,9.878,PATRULHA,873.27
10,9.896,PATRULHA,872.74
10,9.912,PATRULHA,872.18
10,9.928,PATRULHA,870.77
10,9.945,PATRULHA,869.27
10,9.962,PATRULHA,867.77
10,9.978,PATRULHA,866.24
10,9.995,PATRULHA,864.72
10,10.012,PATRULHA,864.20
10,10.028,PATRULHA,863.68
10,10.046,PATRULHA,863.17
10,10.062,PATRULHA,862.62
10,10.078,PATRULHA,862.13
10,10.095,PATRULHA,861.61
10,10.112,PATRULHA,861.10
10,10.128,PATRULHA,860.58
10,10.145,PATRULHA,860.08
10,10.161,PATRULHA,859.56
10,10.179,PATRULHA,859.06
10,10.195,PATRULHA,858.52
10,10.211,PATRULHA,858.04
10,10.228,PATRULHA,857.54
10,10.245,PATRULHA,857.02
10,10.262,PATRULHA,856.53
10,10.278,PATRULHA,856.02
10,10.295,PATRULHA,855.52
10,10.311,PATRULHA,855.02
10,10.329,PATRULHA,854.53
10,10.346,PATRULHA,854.00
10,10.361,PATRULHA,853.50
10,10.378,PATRULHA,853.04
10,10.395,PATRULHA,852.54
10,10.411,PATRULHA,852.06
10,10.428,PATRULHA,851.57
10,10.444,PATRULHA,851.09
10,10.462,PATRULHA,850.60
10,10.478,PATRULHA,850.07
10,10.495,PATRULHA,849.60
10,10.512,PATRULHA,849.10
10,10.528,PATRULHA,848.60
10,10.545,PATRULHA,848.11
10,10.561,PATRULHA,847.62
10,10.578,PATRULHA,847.13
10,10.596,PATRULHA,846.64
10,10.611,PATRULHA,846.12
10,10.628,PATRULHA,845.67
10,10.645,PATRULHA,845.18
10,10.661,PATRULHA,844.70
10,10.678,PATRULHA,844.22
10,10.695,PATRULHA,843.72
10,10.711,PATRULHA,843.25
10,10.728,PATRULHA,842.77
10,10.746,PATRULHA,842.29
10,10.763,PATRULHA,841.79
10,10.778,PATRULHA,841.32
10,10.795,PATRULHA,840.87
10,10.811,PATRULHA,840.40
10,10.828,PATRULHA,839.93
10,10.845,PATRULHA,839.46
10,10.861,PATRULHA,839.00
10,10.879,PATRULHA,838.53
10,10.895,PATRULHA,838.04
10,10.912,PATRULHA,837.60
10,10.928,PATRULHA,837.14
10,10.945,PATRULHA,836.67
10,10.961,PATRULHA,836.21
10,10.978,PATRULHA,835.76
10,10.994,PATRULHA,835.31
10,11.012,PATRULHA,834.86
10,11.028,PATRULHA,834.38
10,11.048,PATRULHA,833.94
10,11.064,PATRULHA,832.10
10,11.081,PATRULHA,830.63
10,11.097,PATRULHA,829.11
10,11.114,PATRULHA,827.60
10,11.131,PATRULHA,826.10
10,11.147,PATRULHA,824.54
10,11.167,PATRULHA,823.02
10,11.182,PATRULHA,821.20
10,11.198,PATRULHA,819.80
10,11.214,PATRULHA,818.38
10,11.231,PATRULHA,816.87
10,11.245,PATRULHA,815.36
10,11.261,PATRULHA,814.07
10,11.278,PATRULHA,812.55
10,11.296,PATRULHA,811.02
10,11.312,PATRULHA,809.40
10,11.328,PATRULHA,807.94
10,11.345,PATRULHA,806.45
10,11.361,PATRULHA,804.88
10,11.379,PATRULHA,803.39
10,11.396,PATRULHA,801.81
10,11.412,PATRULHA,800.24
10,11.428,PATRULHA,798.78
10,11.446,PATRULHA,797.27
10,11.462,PATRULHA,795.62
10,11.478,PATRULHA,794.21
10,11.495,PATRULHA,792.74
10,11.512,PATRULHA,791.22
10,11.529,PATRULHA,789.70
10,11.545,PATRULHA,788.16
10,11.562,PATRULHA,786.72
10,11.579,PATRULHA,785.22
10,11.594,PATRULHA,783.68
10,11.612,PATRULHA,782.28
10,11.628,PATRULHA,780.75
10,11.645,PATRULHA,779.27
10,11.661,PATRULHA,777.81
10,11.678,PATRULHA,776.34
10,11.695,PATRULHA,774.86
10,11.713,PATRULHA,773.40
10,11.728,PATRULHA,771.83
10,11.745,PATRULHA,770.44
10,11.762,PATRULHA,768.99
10,11.778,PATRULHA,767.55
10,11.795,PATRULHA,766.09
10,11.812,PATRULHA,764.63
10,11.828,PATRULHA,763.19
10,11.846,PATRULHA,761.77
10,11.863,PATRULHA,760.16
10,11.878,PATRULHA,758.61
10,11.895,PATRULHA,757.18
10,11.912,PATRULHA,755.66
10,11.929,PATRULHA,754.12
10,11.945,PATRULHA,752.56
10,11.962,PATRULHA,751.03
10,11.979,PATRULHA,749.54
10,11.995,PATRULHA,747.93
10,12.012,PATRULHA,746.50
10,12.028,PATRULHA,744.98
10,12.045,PATRULHA,743.43
10,12.062,PATRULHA,741.97
10,12.078,PATRULHA,740.57
10,12.095,PATRULHA,739.14
10,12.112,PATRULHA,737.71
10,12.129,PATRULHA,736.31
10,12.145,PATRULHA,734.81
10,12.161,PATRULHA,733.49
10,12.178,PATRULHA,732.09
10,12.195,PATRULHA,730.65
10,12.212,PATRULHA,729.24
10,12.229,PATRULHA,727.84
10,12.245,PATRULHA,726.43
10,12.263,PATRULHA,725.05
10,12.278,PATRULHA,723.59
10,12.295,PATRULHA,722.30
10,12.312,PATRULHA,720.92
10,12.329,PATRULHA,719.51
10,12.345,PATRULHA,718.12
10,12.362,PATRULHA,716.75
10,12.378,PATRULHA,715.43
10,12.396,PATRULHA,714.07
10,12.412,PATRULHA,712.63
10,12.428,PATRULHA,711.33
10,12.445,PATRULHA,710.00
10,12.462,PATRULHA,708.66
10,12.478,PATRULHA,707.33
10,12.495,PATRULHA,706.00
10,12.512,PATRULHA,704.66
10,12.530,PATRULHA,703.30
10,12.545,PATRULHA,701.91
10,12.562,PATRULHA,700.66
10,12.578,PATRULHA,699.37
10,12.595,PATRULHA,698.07
10,12.612,PATRULHA,696.71
10,12.629,PATRULHA,695.45
10,12.645,PATRULHA,694.13
10,12.662,PATRULHA,692.85
10,12.679,PATRULHA,691.56
10,12.697,PATRULHA,690.21
10,12.712,PATRULHA,688.84
10,12.728,PATRULHA,687.73
10,12.745,PATRULHA,686.46
10,12.762,PATRULHA,685.16
10,12.778,PATRULHA,683.92
10,12.795,PATRULHA,682.68
10,12.813,PATRULHA,681.44
10,12.828,PATRULHA,680.10
10,12.845,PATRULHA,678.91
10,12.862,PATRULHA,677.67
10,12.878,PATRULHA,676.42
10,12.895,PATRULHA,675.21
10,12.912,PATRULHA,673.99
10,12.929,PATRULHA,672.77
10,12.946,PATRULHA,671.52
10,12.962,PATRULHA,670.27
10,12.979,PATRULHA,669.12
10,12.995,PATRULHA,667.91
10,13.012,PATRULHA,666.72
10,13.029,PATRULHA,665.54
10,13.048,PATRULHA,664.33
10,13.067,PATRULHA,662.96
10,13.081,PATRULHA,661.65
10,13.101,PATRULHA,660.63
10,13.119,PATRULHA,659.24
10,13.134,PATRULHA,658.02
10,13.148,PATRULHA,656.97
10,13.166,PATRULHA,655.99
10,13.181,PATRULHA,654.71
10,13.200,PATRULHA,653.70
10,13.215,PATRULHA,652.40
10,13.236,PATRULHA,651.43
10,13.248,PATRULHA,650.01
10,13.267,PATRULHA,649.20
10,13.281,PATRULHA,647.94
10,13.300,PATRULHA,646.98
10,13.315,PATRULHA,645.72
10,13.333,PATRULHA,644.75
10,13.348,PATRULHA,643.55
10,13.368,PATRULHA,642.58
10,13.381,PATRULHA,641.28
10,13.401,PATRULHA,640.41
10,13.415,PATRULHA,639.18
10,13.433,PATRULHA,638.27
10,13.445,PATRULHA,637.11
10,13.463,PATRULHA,636.36
10,13.479,PATRULHA,636.67
10,13.496,PATRULHA,636.97
10,13.512,PATRULHA,637.29
10,13.529,PATRULHA,637.60
10,13.545,PATRULHA,637.94
10,13.562,PATRULHA,638.27
10,13.578,PATRULHA,638.63
10,13.595,PATRULHA,638.99
10,13.612,PATRULHA,639.37
10,13.629,PATRULHA,639.76
10,13.645,PATRULHA,640.18
10,13.663,PATRULHA,640.57
10,13.679,PATRULHA,641.00
10,13.695,PATRULHA,641.42
10,13.712,PATRULHA,641.86
10,13.728,PATRULHA,642.32
10,13.746,PATRULHA,642.76
10,13.762,PATRULHA,643.27
10,13.779,PATRULHA,643.74
10,13.795,PATRULHA,644.23
10,13.812,PATRULHA,644.73
10,13.828,PATRULHA,645.24
10,13.845,PATRULHA,645.76
10,13.861,PATRULHA,646.30
10,13.878,PATRULHA,646.84
10,13.896,PATRULHA,647.40
10,13.912,PATRULHA,648.01
10,13.929,PATRULHA,648.56
10,13.945,PATRULHA,649.16
10,13.962,PATRULHA,649.76
10,13.979,PATRULHA,650.37
10,13.995,PATRULHA,651.00
10,14.013,PATRULHA,651.62
10,14.030,PATRULHA,652.27
10,14.046,PATRULHA,652.94
10,14.062,PATRULHA,653.57
10,14.079,PATRULHA,654.23
10,14.096,PATRULHA,654.93
10,14.113,PATRULHA,655.64
10,14.129,PATRULHA,656.34
10,14.145,PATRULHA,657.03
10,14.162,PATRULHA,657.73
10,14.182,PATRULHA,659.90
10,14.197,PATRULHA,662.33
10,14.211,PATRULHA,664.26
10,14.229,PATRULHA,666.15
10,14.245,PATRULHA,668.58
10,14.262,PATRULHA,670.89
10,14.281,PATRULHA,673.23
10,14.296,PATRULHA,675.86
10,14.312,PATRULHA,678.03
10,14.329,PATRULHA,680.22
10,14.345,PATRULHA,682.64
10,14.362,PATRULHA,684.98
10,14.380,PATRULHA,687.29
10,14.395,PATRULHA,689.94
10,14.412,PATRULHA,692.03
10,14.428,PATRULHA,694.38
10,14.446,PATRULHA,696.70
10,14.462,PATRULHA,699.21
10,14.480,PATRULHA,701.52
10,14.495,PATRULHA,704.11
10,14.511,PATRULHA,706.23
10,14.529,PATRULHA,708.59
10,14.546,PATRULHA,711.10
10,14.562,PATRULHA,713.49
10,14.582,PATRULHA,714.51
10,14.597,PATRULHA,715.78
10,14.613,PATRULHA,716.74
10,14.629,PATRULHA,717.75
10,14.647,PATRULHA,718.26
10,14.663,PATRULHA,718.83
10,14.678,PATRULHA,719.37
10,14.695,PATRULHA,719.86
10,14.712,PATRULHA,720.43
10,14.729,PATRULHA,720.98
10,14.746,PATRULHA,721.56
10,14.763,PATRULHA,722.14
10,14.779,PATRULHA,722.73
10,14.795,PATRULHA,723.26
10,14.811,PATRULHA,723.81
10,14.828,PATRULHA,724.39
10,14.845,PATRULHA,724.97
10,14.862,PATRULHA,725.55
10,14.880,PATRULHA,726.07
10,14.895,PATRULHA,726.63
10,14.912,PATRULHA,728.38
10,14.928,PATRULHA,730.14
10,14.945,PATRULHA,731.96
10,14.961,PATRULHA,733.80
10,14.978,PATRULHA,735.62
10,14.996,PATRULHA,738.07
10,15.013,PATRULHA,740.99
10,15.030,PATRULHA,743.91
10,15.045,PATRULHA,746.70
10,15.062,PATRULHA,749.26
10,15.078,PATRULHA,752.08
10,15.095,PATRULHA,754.51
10,15.111,PATRULHA,756.92
10,15.128,PATRULHA,759.33
10,15.146,PATRULHA,761.75
10,15.161,PATRULHA,764.34
10,15.178,PATRULHA,766.62
10,15.195,PATRULHA,769.09
10,15.214,PATRULHA,771.53
10,15.229,PATRULHA,774.27
10,15.245,PATRULHA,776.44
10,15.262,PATRULHA,778.89
10,15.279,PATRULHA,780.88
10,15.295,PATRULHA,782.97
10,15.312,PATRULHA,784.83
10,15.329,PATRULHA,786.84
10,15.345,PATRULHA,788.86
10,15.362,PATRULHA,790.86
10,15.379,PATRULHA,792.85
10,15.396,PATRULHA,794.90
10,15.413,PATRULHA,796.98
10,15.428,PATRULHA,799.02
10,15.445,PATRULHA,800.91
10,15.462,PATRULHA,803.20
10,15.478,PATRULHA,805.47
10,15.495,PATRULHA,807.74
10,15.512,PATRULHA,810.29
10,15.529,PATRULHA,812.90
10,15.546,PATRULHA,815.44
10,15.562,PATRULHA,818.07
10,15.579,PATRULHA,820.49
10,15.595,PATRULHA,823.05
10,15.612,PATRULHA,825.57
10,15.628,PATRULHA,828.10
10,15.645,PATRULHA,830.67
10,15.662,PATRULHA,833.23
10,15.679,PATRULHA,835.76
10,15.698,PATRULHA,838.41
10,15.712,PATRULHA,841.18
10,15.728,PATRULHA,843.24
10,15.745,PATRULHA,845.70
10,15.762,PATRULHA,848.24
10,15.779,PATRULHA,850.70
10,15.795,PATRULHA,853.25
10,15.813,PATRULHA,855.77
10,15.830,PATRULHA,858.07
10,15.845,PATRULHA,860.32
10,15.862,PATRULHA,862.41
10,15.879,PATRULHA,864.61
10,15.895,PATRULHA,866.86
10,15.912,PATRULHA,868.98
10,15.929,PATRULHA,871.11
10,15.945,PATRULHA,873.31
10,15.963,PATRULHA,875.41
10,15.979,PATRULHA,877.67
10,15.995,PATRULHA,879.70
10,16.012,PATRULHA,881.81
10,16.029,PATRULHA,883.97
10,16.045,PATRULHA,886.16
10,16.062,PATRULHA,888.28
10,16.079,PATRULHA,890.45
10,16.095,PATRULHA,892.63
10,16.113,PATRULHA,894.69
10,16.129,PATRULHA,896.81
10,16.145,PATRULHA,898.79
10,16.162,PATRULHA,900.85
10,16.179,PATRULHA,902.86
10,16.195,PATRULHA,904.97
10,16.212,PATRULHA,907.02
10,16.230,PATRULHA,909.03
10,16.245,PATRULHA,911.26
10,16.262,PATRULHA,913.18
10,16.279,PATRULHA,915.29
10,16.295,PATRULHA,917.33
10,16.312,PATRULHA,919.36
10,16.329,PATRULHA,921.30
10,16.345,PATRULHA,923.28
10,16.363,PATRULHA,923.50
10,16.378,PATRULHA,923.73
10,16.395,PATRULHA,923.93
10,16.412,PATRULHA,923.74
10,16.428,PATRULHA,923.56
10,16.449,PATRULHA,923.38
10,16.467,PATRULHA,923.16
10,16.481,PATRULHA,921.07
10,16.500,PATRULHA,919.44
10,16.516,PATRULHA,917.29
10,16.537,PATRULHA,915.36
10,16.548,PATRULHA,912.95
10,16.567,PATRULHA,911.67
10,16.581,PATRULHA,909.40
10,16.600,PATRULHA,907.71
10,16.615,PATRULHA,905.50
10,16.633,PATRULHA,903.79
10,16.646,PATRULHA,901.63
10,16.662,PATRULHA,900.11
10,16.679,PATRULHA,898.22
10,16.695,PATRULHA,896.23
10,16.712,PATRULHA,894.28
10,16.728,PATRULHA,892.34
10,16.745,PATRULHA,890.24
10,16.762,PATRULHA,888.06
10,16.779,PATRULHA,885.95
10,16.795,PATRULHA,883.75
10,16.812,PATRULHA,881.75
10,16.828,PATRULHA,879.59
10,16.845,PATRULHA,877.52
10,16.862,PATRULHA,875.38
10,16.879,PATRULHA,873.25
10,16.895,PATRULHA,871.15
10,16.913,PATRULHA,869.00
10,16.929,PATRULHA,866.77
10,16.945,PATRULHA,864.80
10,16.962,PATRULHA,862.67
10,16.980,PATRULHA,860.56
10,16.997,PATRULHA,858.31
10,17.012,PATRULHA,856.12
10,17.029,PATRULHA,854.17
10,17.047,PATRULHA,852.07
10,17.062,PATRULHA,849.78
10,17.078,PATRULHA,847.83
10,17.095,PATRULHA,845.76
10,17.113,PATRULHA,843.60
10,17.129,PATRULHA,841.21
10,17.145,PATRULHA,838.96
10,17.162,PATRULHA,836.64
10,17.180,PATRULHA,834.31
10,17.197,PATRULHA,831.84
10,17.212,PATRULHA,829.33
10,17.228,PATRULHA,827.43
10,17.245,PATRULHA,825.40
10,17.262,PATRULHA,823.31
10,17.278,PATRULHA,821.11
10,17.295,PATRULHA,819.05
10,17.312,PATRULHA,816.96
10,17.329,PATRULHA,814.82
10,17.345,PATRULHA,812.57
10,17.361,PATRULHA,810.56
10,17.378,PATRULHA,808.42
10,17.395,PATRULHA,806.27
10,17.412,PATRULHA,804.12
10,17.429,PATRULHA,801.97
10,17.446,PATRULHA,799.80
10,17.462,PATRULHA,797.55
10,17.479,PATRULHA,795.55
10,17.495,PATRULHA,793.38
10,17.512,PATRULHA,791.28
10,17.528,PATRULHA,789.14
10,17.545,PATRULHA,786.98
10,17.562,PATRULHA,784.85
10,17.579,PATRULHA,782.70
10,17.596,PATRULHA,780.56
10,17.613,PATRULHA,778.31
10,17.628,PATRULHA,776.10
10,17.645,PATRULHA,774.18
10,17.662,PATRULHA,772.01
10,17.679,PATRULHA,769.91
10,17.695,PATRULHA,767.70
10,17.712,PATRULHA,765.58
10,17.730,PATRULHA,763.43
10,17.745,PATRULHA,761.17
10,17.762,PATRULHA,759.20
10,17.779,PATRULHA,757.04
10,17.797,PATRULHA,754.88
10,17.812,PATRULHA,752.59
10,17.829,PATRULHA,750.65
10,17.846,PATRULHA,748.49
10,17.863,PATRULHA,746.29
10,17.879,PATRULHA,745.84
10,17.895,PATRULHA,745.45
10,17.912,PATRULHA,745.03
10,17.929,PATRULHA,744.61
10,17.945,PATRULHA,744.18
10,17.962,PATRULHA,743.76
10,17.978,PATRULHA,743.34
10,17.995,PATRULHA,742.91
10,18.013,PATRULHA,742.49
10,18.030,PATRULHA,742.03
10,18.045,PATRULHA,741.60
10,18.062,PATRULHA,741.23
10,18.078,PATRULHA,740.79
10,18.095,PATRULHA,740.38
10,18.112,PATRULHA,739.96
10,18.130,PATRULHA,739.53
10,18.145,PATRULHA,737.23
10,18.162,PATRULHA,735.27
10,18.179,PATRULHA,733.10
10,18.195,PATRULHA,730.95
10,18.212,PATRULHA,728.82
10,18.229,PATRULHA,726.65
10,18.245,PATRULHA,724.48
10,18.262,PATRULHA,722.38
10,18.279,PATRULHA,720.23
10,18.295,PATRULHA,717.99
10,18.312,PATRULHA,715.98
10,18.328,PATRULHA,713.82
10,18.345,PATRULHA,711.68
10,18.362,PATRULHA,709.55
10,18.379,PATRULHA,707.37
10,18.396,PATRULHA,705.19
10,18.412,PATRULHA,702.97
10,18.429,PATRULHA,700.92
10,18.448,PATRULHA,698.77
10,18.467,PATRULHA,696.28
10,18.481,PATRULHA,693.89
10,18.500,PATRULHA,692.04
10,18.515,PATRULHA,689.58
10,18.533,PATRULHA,687.69
10,18.550,PATRULHA,685.30
10,18.567,PATRULHA,683.20
10,18.582,PATRULHA,680.99
10,18.601,PATRULHA,679.11
10,18.615,PATRULHA,676.67
10,18.634,PATRULHA,674.87
10,18.645,PATRULHA,672.34
10,18.662,PATRULHA,670.96
10,18.680,PATRULHA,668.71
10,18.698,PATRULHA,666.43
10,18.712,PATRULHA,664.20
10,18.729,PATRULHA,662.34
10,18.747,PATRULHA,660.22
10,18.762,PATRULHA,659.24
10,18.779,PATRULHA,658.41
10,18.795,PATRULHA,657.50
10,18.813,PATRULHA,656.62
10,18.828,PATRULHA,655.66
10,18.845,PATRULHA,654.82
10,18.862,PATRULHA,653.93
10,18.878,PATRULHA,653.04
10,18.896,PATRULHA,652.15
10,18.912,PATRULHA,651.22
10,18.929,PATRULHA,650.37
10,18.946,PATRULHA,649.49
10,18.962,PATRULHA,648.56
10,18.979,PATRULHA,647.73
10,18.995,PATRULHA,646.86
10,19.012,PATRULHA,645.99
10,19.029,PATRULHA,645.13
10,19.045,PATRULHA,644.25
10,19.062,PATRULHA,643.40
10,19.079,PATRULHA,642.54
10,19.096,PATRULHA,641.67
10,19.114,PATRULHA,640.77
10,19.129,PATRULHA,639.87
10,19.145,PATRULHA,639.08
10,19.162,PATRULHA,638.27
10,19.178,PATRULHA,637.42
10,19.195,PATRULHA,636.58
10,19.213,PATRULHA,635.74
10,19.230,PATRULHA,634.85
10,19.245,PATRULHA,634.00
10,19.262,PATRULHA,633.22
10,19.279,PATRULHA,632.40
10,19.295,PATRULHA,631.54
10,19.312,PATRULHA,630.74
10,19.329,PATRULHA,629.91
10,19.345,PATRULHA,629.07
10,19.363,PATRULHA,628.26
10,19.379,PATRULHA,627.39
10,19.397,PATRULHA,626.64
10,19.412,PATRULHA,625.77
10,19.429,PATRULHA,625.02
10,19.447,PATRULHA,625.38
10,19.463,PATRULHA,625.73
10,19.478,PATRULHA,626.39
10,19.496,PATRULHA,627.03
10,19.513,PATRULHA,627.78
10,19.530,PATRULHA,628.46
10,19.545,PATRULHA,629.18
10,19.562,PATRULHA,629.81
10,19.579,PATRULHA,630.50
10,19.595,PATRULHA,631.20
10,19.612,PATRULHA,631.88
10,19.629,PATRULHA,632.60
10,19.646,PATRULHA,633.29
10,19.662,PATRULHA,634.02
10,19.678,PATRULHA,634.69
10,19.695,PATRULHA,635.38
10,19.712,PATRULHA,636.10
10,19.728,PATRULHA,636.81
10,19.746,PATRULHA,637.50
10,19.762,PATRULHA,638.26
10,19.779,PATRULHA,638.92
10,19.795,PATRULHA,639.68
10,19.812,PATRULHA,640.36
10,19.828,PATRULHA,641.08
10,19.845,PATRULHA,641.78
10,19.862,PATRULHA,642.51
10,19.879,PATRULHA,643.71
10,19.895,PATRULHA,644.95
10,19.913,PATRULHA,646.17
10,19.929,PATRULHA,647.48
10,19.945,PATRULHA,648.64
10,19.962,PATRULHA,649.86
10,19.979,PATRULHA,651.08
10,19.995,PATRULHA,652.36
10,20.012,PATRULHA,653.54
10,20.029,PATRULHA,654.80
10,20.046,PATRULHA,656.02
10,20.063,PATRULHA,657.30
10,20.079,PATRULHA,658.54
10,20.096,PATRULHA,659.74
10,20.113,PATRULHA,660.98
10,20.129,PATRULHA,662.29
10,20.146,PATRULHA,663.47
10,20.162,PATRULHA,664.72
10,20.179,PATRULHA,665.91
10,20.196,PATRULHA,667.17
10,20.212,PATRULHA,668.49
10,20.228,PATRULHA,669.62
10,20.245,PATRULHA,670.87
10,20.262,PATRULHA,672.12
10,20.279,PATRULHA,673.35
10,20.296,PATRULHA,674.63
10,20.312,PATRULHA,675.88
10,20.330,PATRULHA,677.12
10,20.345,PATRULHA,678.43
10,20.362,PATRULHA,680.01
10,20.380,PATRULHA,681.64
10,20.395,PATRULHA,683.45
10,20.413,PATRULHA,685.01
10,20.430,PATRULHA,686.79
10,20.449,PATRULHA,688.49
10,20.466,PATRULHA,690.45
10,20.484,PATRULHA,692.13
10,20.500,PATRULHA,693.96
10,20.515,PATRULHA,695.52
10,20.538,PATRULHA,696.97
10,20.548,PATRULHA,699.19
10,20.567,PATRULHA,700.15
10,20.581,PATRULHA,702.06
10,20.601,PATRULHA,703.41
10,20.617,PATRULHA,705.37
10,20.631,PATRULHA,706.90
10,20.645,PATRULHA,708.35
10,20.662,PATRULHA,709.74
10,20.679,PATRULHA,711.35
10,20.697,PATRULHA,713.09
10,20.712,PATRULHA,714.75
10,20.730,PATRULHA,716.10
10,20.745,PATRULHA,717.73
10,20.763,PATRULHA,719.15
10,20.778,PATRULHA,720.39
10,20.795,PATRULHA,721.46
10,20.812,PATRULHA,722.62
10,20.828,PATRULHA,723.25
10,20.845,PATRULHA,723.86
10,20.862,PATRULHA,723.45
10,20.880,PATRULHA,723.02
10,20.895,PATRULHA,722.58
10,20.912,PATRULHA,722.20
10,20.929,PATRULHA,721.70
10,20.945,PATRULHA,721.23
10,20.962,PATRULHA,720.76
10,20.978,PATRULHA,720.29
10,20.995,PATRULHA,719.82
10,21.012,PATRULHA,719.34
10,21.030,PATRULHA,718.88
10,21.046,PATRULHA,718.36
10,21.062,PATRULHA,716.61
10,21.078,PATRULHA,714.80
10,21.095,PATRULHA,712.99
10,21.112,PATRULHA,711.08
10,21.128,PATRULHA,709.20
10,21.145,PATRULHA,707.25
10,21.163,PATRULHA,705.27
10,21.178,PATRULHA,703.15
10,21.195,PATRULHA,701.28
10,21.212,PATRULHA,699.29
10,21.229,PATRULHA,697.23
10,21.245,PATRULHA,695.24
10,21.262,PATRULHA,693.33
10,21.278,PATRULHA,691.32
10,21.296,PATRULHA,689.38
10,21.311,PATRULHA,687.27
10,21.328,PATRULHA,685.46
10,21.345,PATRULHA,683.48
10,21.362,PATRULHA,681.49
10,21.378,PATRULHA,679.48
10,21.395,PATRULHA,678.91
10,21.411,PATRULHA,678.35
10,21.430,PATRULHA,677.81
10,21.445,PATRULHA,677.20
10,21.462,PATRULHA,676.70
10,21.478,PATRULHA,676.15
10,21.495,PATRULHA,675.61
10,21.512,PATRULHA,675.07
10,21.528,PATRULHA,674.53
10,21.545,PATRULHA,673.98
10,21.563,PATRULHA,673.45
10,21.578,PATRULHA,672.90
10,21.595,PATRULHA,672.40
10,21.611,PATRULHA,671.87
10,21.628,PATRULHA,671.36
10,21.645,PATRULHA,670.83
10,21.662,PATRULHA,670.31
10,21.679,PATRULHA,669.80
10,21.697,PATRULHA,669.26
10,21.713,PATRULHA,668.72
10,21.729,PATRULHA,666.90
10,21.745,PATRULHA,665.05
10,21.762,PATRULHA,663.15
10,21.778,PATRULHA,661.18
10,21.795,PATRULHA,659.26
10,21.812,PATRULHA,657.31
10,21.829,PATRULHA,655.34
10,21.845,PATRULHA,653.23
10,21.862,PATRULHA,651.39
10,21.878,PATRULHA,649.45
10,21.895,PATRULHA,647.55
10,21.912,PATRULHA,645.56
10,21.929,PATRULHA,643.61
10,21.946,PATRULHA,641.65
10,21.962,PATRULHA,639.64
10,21.978,PATRULHA,637.75
10,21.995,PATRULHA,635.88
10,22.012,PATRULHA,633.93
10,22.028,PATRULHA,631.97
10,22.045,PATRULHA,630.02
10,22.062,PATRULHA,628.10
10,22.078,PATRULHA,626.18
10,22.096,PATRULHA,624.28
10,22.113,PATRULHA,622.21
10,22.129,PATRULHA,620.18
10,22.145,PATRULHA,618.41
10,22.162,PATRULHA,616.51
10,22.178,PATRULHA,614.60
10,22.195,PATRULHA,612.67
10,22.212,PATRULHA,610.74
10,22.229,PATRULHA,608.84
10,22.245,PATRULHA,606.82
10,22.261,PATRULHA,605.01
10,22.278,PATRULHA,603.10
10,22.295,PATRULHA,601.16
10,22.312,PATRULHA,599.27
10,22.328,PATRULHA,597.35
10,22.345,PATRULHA,595.43
10,22.362,PATRULHA,593.55
10,22.379,PATRULHA,591.62
10,22.395,PATRULHA,589.59
10,22.412,PATRULHA,587.82
10,22.428,PATRULHA,585.91
10,22.448,PATRULHA,584.00
10,22.464,PATRULHA,581.81
10,22.481,PATRULHA,579.95
10,22.497,PATRULHA,578.05
10,22.516,PATRULHA,576.15
10,22.534,PATRULHA,574.00
10,22.548,PATRULHA,571.95
10,22.564,PATRULHA,570.45
10,22.581,PATRULHA,568.57
10,22.598,PATRULHA,566.71
10,22.614,PATRULHA,564.79
10,22.631,PATRULHA,562.90
10,22.649,PATRULHA,561.04
10,22.667,PATRULHA,558.98
10,22.681,PATRULHA,557.02
10,22.697,PATRULHA,555.42
10,22.714,PATRULHA,553.58
10,22.731,PATRULHA,551.70
10,22.747,PATRULHA,549.85
10,22.766,PATRULHA,547.99
10,22.783,PATRULHA,545.87
10,22.797,PATRULHA,544.01
10,22.814,PATRULHA,542.40
10,22.833,PATRULHA,540.55
10,22.845,PATRULHA,538.48
10,22.862,PATRULHA,537.13
10,22.878,PATRULHA,535.23
10,22.895,PATRULHA,533.43
10,22.912,PATRULHA,531.62
10,22.929,PATRULHA,529.76
10,22.947,PATRULHA,527.82
10,22.961,PATRULHA,525.88
10,22.978,PATRULHA,524.26
10,22.995,PATRULHA,522.40
10,23.013,PATRULHA,520.57
10,23.029,PATRULHA,520.23
10,23.045,PATRULHA,519.91
10,23.063,PATRULHA,519.60
10,23.078,PATRULHA,519.26
10,23.095,PATRULHA,518.97
10,23.112,PATRULHA,518.66
10,23.129,PATRULHA,518.36
10,23.145,PATRULHA,518.05
10,23.162,PATRULHA,517.76
10,23.178,PATRULHA,517.48
10,23.196,PATRULHA,517.19
10,23.211,PATRULHA,516.90
10,23.228,PATRULHA,516.64
10,23.245,PATRULHA,516.36
10,23.262,PATRULHA,516.09
10,23.278,PATRULHA,515.82
10,23.295,PATRULHA,515.57
10,23.312,PATRULHA,515.31
10,23.329,PATRULHA,515.06
10,23.345,PATRULHA,514.80
10,23.362,PATRULHA,514.57
10,23.379,PATRULHA,514.34
10,23.395,PATRULHA,514.10
10,23.411,PATRULHA,513.88
10,23.429,PATRULHA,513.65
10,23.445,PATRULHA,511.87
10,23.463,PATRULHA,510.16
10,23.478,PATRULHA,508.35
10,23.495,PATRULHA,506.73
10,23.512,PATRULHA,505.00
10,23.528,PATRULHA,503.28
10,23.545,PATRULHA,501.56
10,23.562,PATRULHA,499.81
10,23.578,PATRULHA,498.13
10,23.596,PATRULHA,496.46
10,23.613,PATRULHA,494.65
10,23.629,PATRULHA,492.86
10,23.645,PATRULHA,491.32
10,23.662,PATRULHA,489.65
10,23.678,PATRULHA,487.95
10,23.695,PATRULHA,486.28
10,23.712,PATRULHA,484.59
10,23.729,PATRULHA,482.94
10,23.745,PATRULHA,481.18
10,23.762,PATRULHA,479.59
10,23.778,PATRULHA,477.90
10,23.795,PATRULHA,476.28
10,23.812,PATRULHA,474.60
10,23.828,PATRULHA,472.97
10,23.845,PATRULHA,471.33
10,23.863,PATRULHA,469.67
10,23.878,PATRULHA,467.94
10,23.895,PATRULHA,466.41
10,23.912,PATRULHA,464.78
10,23.928,PATRULHA,463.12
10,23.947,PATRULHA,461.54
10,23.961,PATRULHA,459.70
10,23.978,PATRULHA,458.33
10,23.996,PATRULHA,456.71
10,24.012,PATRULHA,455.03
10,24.028,PATRULHA,453.51
10,24.045,PATRULHA,451.91
10,24.062,PATRULHA,450.33
10,24.078,PATRULHA,448.69
10,24.095,PATRULHA,447.18
10,24.114,PATRULHA,445.61
10,24.129,PATRULHA,443.81
10,24.145,PATRULHA,442.36
10,24.162,PATRULHA,440.91
10,24.178,PATRULHA,439.35
10,24.195,PATRULHA,437.81
10,24.211,PATRULHA,436.26
10,24.228,PATRULHA,434.75
10,24.245,PATRULHA,433.19
10,24.263,PATRULHA,432.00
10,24.280,PATRULHA,430.70
10,24.295,PATRULHA,429.52
10,24.312,PATRULHA,428.47
10,24.329,PATRULHA,427.25
10,24.345,PATRULHA,426.08
10,24.362,PATRULHA,424.93
10,24.378,PATRULHA,423.77
10,24.395,PATRULHA,422.59
10,24.413,PATRULHA,421.45
10,24.428,PATRULHA,420.21
10,24.445,PATRULHA,419.13
10,24.462,PATRULHA,417.98
10,24.478,PATRULHA,416.83
10,24.495,PATRULHA,415.68
10,24.512,PATRULHA,414.55
10,24.528,PATRULHA,413.40
10,24.546,PATRULHA,412.26
10,24.562,PATRULHA,411.06
10,24.578,PATRULHA,410.00
10,24.595,PATRULHA,408.89
10,24.611,PATRULHA,407.76
10,24.628,PATRULHA,406.68
10,24.648,PATRULHA,405.56
10,24.665,PATRULHA,403.84
10,24.683,PATRULHA,402.34
10,24.701,PATRULHA,400.82
10,24.714,PATRULHA,399.26
10,24.731,PATRULHA,398.15
10,24.748,PATRULHA,396.74
10,24.764,PATRULHA,395.32
10,24.781,PATRULHA,393.97
10,24.797,PATRULHA,392.60
10,24.816,PATRULHA,391.25
10,24.831,PATRULHA,389.73
10,24.845,PATRULHA,388.49
10,24.862,PATRULHA,387.41
10,24.878,PATRULHA,386.07
10,24.895,PATRULHA,384.75
10,24.912,PATRULHA,383.47
10,24.928,PATRULHA,382.17
10,24.946,PATRULHA,380.89
10,24.962,PATRULHA,379.54
10,24.978,PATRULHA,378.36
10,24.995,PATRULHA,377.15
10,25.011,PATRULHA,375.93
10,25.028,PATRULHA,374.71
10,25.045,PATRULHA,373.48
10,25.062,PATRULHA,372.30
10,25.079,PATRULHA,371.08
10,25.095,PATRULHA,369.84
10,25.112,PATRULHA,368.73
10,25.129,PATRULHA,367.55
10,25.145,PATRULHA,366.38
10,25.162,PATRULHA,365.24
10,25.178,PATRULHA,364.10
10,25.196,PATRULHA,362.96
10,25.212,PATRULHA,362.11
10,25.229,PATRULHA,359.41
10,25.245,PATRULHA,356.48
10,25.262,PATRULHA,353.80
10,25.278,PATRULHA,350.89
10,25.295,PATRULHA,348.14
10,25.312,PATRULHA,345.29
10,25.328,PATRULHA,342.56
10,25.345,PATRULHA,341.73
10,25.362,PATRULHA,340.88
10,25.378,PATRULHA,340.03
10,25.395,PATRULHA,339.24
10,25.411,PATRULHA,338.40
10,25.428,PATRULHA,337.59
10,25.445,PATRULHA,336.75
10,25.461,PATRULHA,335.92
10,25.478,PATRULHA,335.09
10,25.497,PATRULHA,334.25
10,25.512,PATRULHA,331.50
10,25.529,PATRULHA,330.58
10,25.545,PATRULHA,329.53
10,25.562,PATRULHA,328.50
10,25.578,PATRULHA,327.48
10,25.595,PATRULHA,326.48
10,25.612,PATRULHA,325.46
10,25.629,PATRULHA,324.43
10,25.645,PATRULHA,323.38
10,25.662,PATRULHA,321.12
10,25.678,PATRULHA,318.69
10,25.695,PATRULHA,316.29
10,25.712,PATRULHA,313.95
10,25.728,PATRULHA,311.54
10,25.746,PATRULHA,309.15
10,25.762,PATRULHA,306.13
10,25.779,PATRULHA,303.53
10,25.795,PATRULHA,300.57
10,25.812,PATRULHA,297.86
10,25.828,PATRULHA,295.09
10,25.845,PATRULHA,292.24
10,25.862,PATRULHA,289.43
10,25.879,PATRULHA,286.63
10,25.895,PATRULHA,283.72
10,25.913,PATRULHA,280.96
10,25.928,PATRULHA,277.97
10,25.945,PATRULHA,275.35
10,25.962,PATRULHA,272.49
10,25.978,PATRULHA,269.68
10,25.995,PATRULHA,266.88
10,26.012,PATRULHA,264.05
10,26.028,PATRULHA,261.23
10,26.046,PATRULHA,258.42
10,26.062,PATRULHA,255.43
10,26.078,PATRULHA,252.76
10,26.095,PATRULHA,249.99
10,26.112,PATRULHA,247.15
10,26.129,PATRULHA,244.33
10,26.145,PATRULHA,241.49
10,26.162,PATRULHA,238.71
10,26.179,PATRULHA,235.92
10,26.196,PATRULHA,232.97
10,26.212,PATRULHA,230.11
10,26.229,PATRULHA,227.42
10,26.245,PATRULHA,224.59
10,26.262,PATRULHA,221.86
10,26.279,PATRULHA,218.98
10,26.295,PATRULHA,216.18
10,26.312,PATRULHA,213.39
10,26.329,PATRULHA,210.60
10,26.345,PATRULHA,207.63
10,26.362,PATRULHA,204.98
10,26.379,PATRULHA,202.20
10,26.395,PATRULHA,199.32
10,26.412,PATRULHA,196.58
10,26.429,PATRULHA,193.78
10,26.445,PATRULHA,192.93
10,26.463,PATRULHA,192.13
10,26.478,PATRULHA,191.24
10,26.495,PATRULHA,190.50
10,26.512,PATRULHA,189.65
10,26.528,PATRULHA,188.83
10,26.545,PATRULHA,188.02
10,26.562,PATRULHA,187.17
10,26.578,PATRULHA,186.33
10,26.596,PATRULHA,185.54
10,26.613,PATRULHA,184.66
10,26.628,PATRULHA,183.81
10,26.649,PATRULHA,183.08
10,26.666,PATRULHA,179.50
10,26.681,PATRULHA,176.64
10,26.698,PATRULHA,174.26
10,26.714,PATRULHA,171.42
10,26.732,PATRULHA,168.62
10,26.749,PATRULHA,166.58
10,26.767,PATRULHA,164.51
10,26.781,PATRULHA,162.52
10,26.798,PATRULHA,160.89
10,26.815,PATRULHA,159.01
10,26.833,PATRULHA,157.12
10,26.845,PATRULHA,155.10
10,26.862,PATRULHA,153.82
10,26.879,PATRULHA,151.99
10,26.895,PATRULHA,150.12
10,26.911,PATRULHA,148.47
10,26.928,PATRULHA,146.81
10,26.945,PATRULHA,145.09
10,26.962,PATRULHA,143.42
10,26.979,PATRULHA,140.65
10,26.995,PATRULHA,137.92
10,27.012,PATRULHA,135.33
10,27.030,PATRULHA,132.68
10,27.045,PATRULHA,129.68
10,27.062,PATRULHA,127.32
10,27.079,PATRULHA,124.62
10,27.096,PATRULHA,121.93
10,27.112,PATRULHA,121.11
10,27.128,PATRULHA,120.33
10,27.145,PATRULHA,119.53
10,27.163,PATRULHA,118.72
10,27.178,PATRULHA,117.88
10,27.195,PATRULHA,117.13
10,27.212,PATRULHA,116.32
10,27.228,PATRULHA,115.53
10,27.245,PATRULHA,114.73
10,27.262,PATRULHA,113.92
10,27.278,PATRULHA,113.13
10,27.296,PATRULHA,112.34
10,27.312,PATRULHA,111.48
10,27.329,PATRULHA,110.73
10,27.346,PATRULHA,107.98
10,27.362,PATRULHA,105.36
10,27.379,PATRULHA,102.91
10,27.395,PATRULHA,100.32
10,27.412,PATRULHA,97.75
10,27.430,PATRULHA,95.26
10,27.447,PATRULHA,92.56
10,27.462,PATRULHA,90.63
10,27.478,PATRULHA,89.01
10,27.495,PATRULHA,87.21
10,27.513,PATRULHA,85.44
10,27.529,PATRULHA,83.26
10,27.545,PATRULHA,81.29
10,27.563,PATRULHA,79.27
10,27.578,PATRULHA,79.18
10,27.595,PATRULHA,79.10
10,27.612,PATRULHA,79.02
10,27.628,PATRULHA,78.94
10,27.646,PATRULHA,78.86
10,27.662,PATRULHA,78.79
10,27.678,PATRULHA,78.72
10,27.696,PATRULHA,78.65
10,27.712,PATRULHA,78.58
10,27.729,PATRULHA,78.52
10,27.745,PATRULHA,78.48
10,27.762,PATRULHA,78.44
10,27.779,PATRULHA,78.40
10,27.795,PATRULHA,78.37
10,27.812,PATRULHA,78.33
10,27.829,PATRULHA,78.30
10,27.846,PATRULHA,78.26
10,27.865,PATRULHA,78.23
10,27.879,PATRULHA,78.00
10,27.895,PATRULHA,77.22
10,27.912,PATRULHA,76.37
10,27.928,PATRULHA,75.56
10,27.946,PATRULHA,74.86
10,27.963,PATRULHA,72.63
10,27.978,PATRULHA,71.92
10,27.995,PATRULHA,71.33
10,28.012,PATRULHA,70.72
10,28.029,PATRULHA,70.14
10,28.047,PATRULHA,69.34
10,28.062,PATRULHA,68.51
10,28.078,PATRULHA,67.83
10,28.096,PATRULHA,67.07
10,28.113,PATRULHA,66.29
10,28.129,PATRULHA,65.50
10,28.147,PATRULHA,64.78
10,28.162,PATRULHA,64.20
10,28.179,PATRULHA,63.74
10,28.195,PATRULHA,63.22
10,28.212,PATRULHA,62.72
10,28.229,PATRULHA,62.22
10,28.247,PATRULHA,61.70
10,28.262,PATRULHA,61.20
10,28.278,PATRULHA,60.77
10,28.295,PATRULHA,60.30
10,28.312,PATRULHA,59.84
10,28.329,PATRULHA,59.39
10,28.347,PATRULHA,58.93
10,28.362,PATRULHA,58.46
10,28.380,PATRULHA,58.08
10,28.395,PATRULHA,57.62
10,28.412,PATRULHA,57.74
10,28.429,PATRULHA,57.92
10,28.447,PATRULHA,58.19
10,28.462,PATRULHA,58.54
10,28.479,PATRULHA,58.91
10,28.495,PATRULHA,59.39
10,28.513,PATRULHA,59.92
10,28.530,PATRULHA,60.55
10,28.545,PATRULHA,61.22
10,28.562,PATRULHA,60.90
10,28.579,PATRULHA,59.20
10,28.596,PATRULHA,57.68
10,28.612,PATRULHA,57.60
10,28.628,PATRULHA,57.54
10,28.648,PATRULHA,57.49
10,28.667,PATRULHA,57.95
10,28.681,PATRULHA,58.41
10,28.698,PATRULHA,58.74
10,28.715,PATRULHA,59.13
10,28.733,PATRULHA,61.13
10,28.748,PATRULHA,61.85
10,28.764,PATRULHA,62.51
10,28.781,PATRULHA,63.21
10,28.801,PATRULHA,64.05
10,28.814,PATRULHA,65.13
10,28.834,PATRULHA,65.91
10,28.849,PATRULHA,67.13
10,28.864,PATRULHA,68.12
10,28.881,PATRULHA,69.21
10,28.899,PATRULHA,68.89
10,28.915,PATRULHA,68.64
10,28.934,PATRULHA,68.46
10,28.950,PATRULHA,68.32
10,28.964,PATRULHA,68.27
10,28.981,PATRULHA,68.15
10,28.998,PATRULHA,68.07
10,29.014,PATRULHA,68.37
10,29.033,PATRULHA,68.68
10,29.045,PATRULHA,69.03
10,29.062,PATRULHA,69.25
10,29.079,PATRULHA,69.56
10,29.096,PATRULHA,69.88
10,29.112,PATRULHA,68.81
10,29.129,PATRULHA,67.75
10,29.145,PATRULHA,66.51
10,29.162,PATRULHA,65.32
10,29.178,PATRULHA,64.10
10,29.196,PATRULHA,62.80
10,29.212,PATRULHA,61.43
10,29.229,PATRULHA,59.56
10,29.245,PATRULHA,57.72
10,29.262,PATRULHA,55.85
10,29.278,PATRULHA,55.98
10,29.295,PATRULHA,56.11
10,29.312,PATRULHA,56.26
10,29.329,PATRULHA,56.43
10,29.346,PATRULHA,56.60
10,29.365,PATRULHA,56.79
10,29.379,PATRULHA,57.01
10,29.395,PATRULHA,57.06
10,29.413,PATRULHA,57.12
10,29.429,PATRULHA,57.20
10,29.445,PATRULHA,57.29
10,29.462,PATRULHA,57.39
10,29.479,PATRULHA,57.50
10,29.495,PATRULHA,57.63
10,29.513,PATRULHA,57.76
10,29.531,PATRULHA,57.91
10,29.545,PATRULHA,58.09
10,29.561,PATRULHA,58.24
10,29.579,PATRULHA,58.42
10,29.595,PATRULHA,58.62
10,29.613,PATRULHA,58.17
10,29.628,PATRULHA,57.70
10,29.645,PATRULHA,57.29
10,29.662,PATRULHA,56.86
10,29.679,PATRULHA,56.44
10,29.696,PATRULHA,56.02
10,29.712,PATRULHA,55.62
10,29.728,PATRULHA,55.78
10,29.746,PATRULHA,55.94
10,29.762,PATRULHA,56.13
10,29.778,PATRULHA,56.30
10,29.795,PATRULHA,56.48
10,29.811,PATRULHA,56.67
10,29.828,PATRULHA,56.86
10,29.846,PATRULHA,57.05
10,29.861,PATRULHA,57.25
10,29.878,PATRULHA,57.44
10,29.896,PATRULHA,57.64
10,29.912,PATRULHA,57.86
10,29.928,PATRULHA,58.06
10,29.945,PATRULHA,58.28
10,29.963,PATRULHA,58.50
10,29.979,PATRULHA,58.75
10,29.995,PATRULHA,58.97
10,30.012,PATRULHA,59.20
10,30.030,PATRULHA,59.39
10,30.045,PATRULHA,59.60
10,30.062,PATRULHA,59.78
10,30.079,PATRULHA,59.99
10,30.097,PATRULHA,60.20
10,30.113,PATRULHA,60.42
10,30.129,PATRULHA,60.62
10,30.145,PATRULHA,60.82
10,30.163,PATRULHA,61.03
10,30.178,PATRULHA,61.27
10,30.195,PATRULHA,61.47
10,30.211,PATRULHA,61.69
10,30.228,PATRULHA,61.92
10,30.245,PATRULHA,62.08
10,30.262,PATRULHA,62.24
10,30.278,PATRULHA,62.41
10,30.295,PATRULHA,61.93
10,30.312,PATRULHA,61.45
10,30.328,PATRULHA,60.97
10,30.345,PATRULHA,60.51
10,30.363,PATRULHA,60.05
10,30.378,PATRULHA,59.56
10,30.395,PATRULHA,59.16
10,30.411,PATRULHA,60.36
10,30.429,PATRULHA,61.54
10,30.445,PATRULHA,62.25
10,30.461,PATRULHA,62.92
10,30.478,PATRULHA,63.61
10,30.496,PATRULHA,64.29
10,30.511,PATRULHA,65.02
10,30.528,PATRULHA,65.66
10,30.545,PATRULHA,66.35
10,30.562,PATRULHA,67.04
10,30.578,PATRULHA,67.73
10,30.595,PATRULHA,68.43
10,30.612,PATRULHA,69.11
10,30.629,PATRULHA,69.81
10,30.646,PATRULHA,70.18
10,30.662,PATRULHA,70.53
10,30.679,PATRULHA,69.70
10,30.695,PATRULHA,68.89
10,30.713,PATRULHA,68.06
10,30.729,PATRULHA,67.17
10,30.745,PATRULHA,66.38
10,30.763,PATRULHA,65.57
10,30.779,PATRULHA,64.67
10,30.795,PATRULHA,63.85
10,30.812,PATRULHA,63.07
10,30.829,PATRULHA,62.22
10,30.848,PATRULHA,61.38
10,30.864,PATRULHA,60.72
10,30.881,PATRULHA,60.14
10,30.898,PATRULHA,59.55
10,30.916,PATRULHA,58.97
10,30.931,PATRULHA,58.34
10,30.949,PATRULHA,57.84
10,30.965,PATRULHA,57.22
10,30.981,PATRULHA,56.68
10,30.998,PATRULHA,56.14
10,31.014,PATRULHA,55.56
10,31.031,PATRULHA,55.00
10,31.049,PATRULHA,54.45
10,31.064,PATRULHA,53.90
10,31.081,PATRULHA,53.45
10,31.098,PATRULHA,54.10
10,31.114,PERSEGUE,54.73
10,31.131,PERSEGUE,54.38
10,31.148,PERSEGUE,54.04
10,31.164,PERSEGUE,53.68
10,31.182,PERSEGUE,54.19
10,31.202,PERSEGUE,54.81
10,31.214,PERSEGUE,55.52
10,31.231,PERSEGUE,55.96
10,31.245,PERSEGUE,56.62
10,31.262,PERSEGUE,57.20
10,31.278,PERSEGUE,57.06
10,31.295,PERSEGUE,56.96
10,31.313,PERSEGUE,55.80
10,31.329,PERSEGUE,54.60
10,31.345,PERSEGUE,53.87
10,31.362,PERSEGUE,53.17
10,31.378,PERSEGUE,52.43
10,31.395,PERSEGUE,51.69
10,31.412,PERSEGUE,50.95
10,31.428,PERSEGUE,50.20
10,31.446,PERSEGUE,49.46
10,31.462,PERSEGUE,48.68
10,31.478,PERSEGUE,48.00
10,31.495,PERSEGUE,47.99
10,31.512,PERSEGUE,48.14
10,31.528,PERSEGUE,48.46
10,31.545,PERSEGUE,48.94
10,31.562,PERSEGUE,49.57
10,31.578,PERSEGUE,50.35
10,31.596,PERSEGUE,51.28
10,31.612,PERSEGUE,52.39
10,31.628,PERSEGUE,53.59
10,31.645,PERSEGUE,54.82
10,31.662,PERSEGUE,56.23
10,31.678,PERSEGUE,57.80
10,31.696,PERSEGUE,57.91
10,31.713,PERSEGUE,55.32
10,31.729,PERSEGUE,52.72
10,31.745,PERSEGUE,50.28
10,31.762,PERSEGUE,47.88
10,31.778,PERSEGUE,45.43
10,31.795,PERSEGUE,42.92
10,31.818,FUGA,40.38
10,31.828,FUGA,37.02
10,31.846,FUGA,35.43
10,31.862,FUGA,32.81
10,31.879,FUGA,30.39
10,31.895,FUGA,27.80
10,31.912,FUGA,25.45
10,31.930,FUGA,27.70
10,31.948,FUGA,30.07
10,31.963,FUGA,32.54
10,31.979,FUGA,34.63
10,31.995,FUGA,36.92
10,32.013,FUGA,38.74
10,32.028,FUGA,40.77
10,32.045,FUGA,42.46
10,32.062,FUGA,44.29
10,32.079,FUGA,46.23
10,32.095,FUGA,48.20
10,32.112,FUGA,50.05
10,32.128,FUGA,51.54
10,32.147,FUGA,52.93
10,32.162,FUGA,54.51
10,32.179,FUGA,55.81
10,32.195,FUGA,57.27
10,32.212,FUGA,58.72
10,32.229,FUGA,60.57
10,32.245,FUGA,62.52
10,32.262,FUGA,64.45
10,32.280,FUGA,66.52
10,32.296,FUGA,68.62
10,32.313,FUGA,70.61
10,32.329,FUGA,72.71
10,32.345,FUGA,74.79
10,32.362,FUGA,76.85
10,32.378,FUGA,78.96
10,32.395,FUGA,81.10
10,32.412,FUGA,83.30
10,32.429,FUGA,85.48
10,32.445,FUGA,87.83
10,32.462,FUGA,89.96
10,32.478,FUGA,91.25
10,32.495,FUGA,92.54
10,32.512,FUGA,93.88
10,32.530,FUGA,95.21
10,32.545,FUGA,97.98
10,32.561,FUGA,100.23
10,32.580,FUGA,102.62
10,32.595,FUGA,105.35
10,32.612,FUGA,107.62
10,32.629,FUGA,110.14
10,32.645,FUGA,112.67
10,32.662,FUGA,115.10
10,32.678,FUGA,117.59
10,32.695,FUGA,120.11
10,32.713,FUGA,123.22
10,32.729,FUGA,126.59
10,32.746,FUGA,129.58
10,32.762,FUGA,132.85
10,32.778,FUGA,136.05
10,32.795,FUGA,139.17
10,32.812,FUGA,143.55
10,32.829,FUGA,147.83
10,32.846,FUGA,152.15
10,32.863,FUGA,156.67
10,32.878,FUGA,161.07
10,32.895,FUGA,165.08
10,32.912,FUGA,169.40
10,32.928,FUGA,173.74
10,32.945,FUGA,178.06
10,32.962,FUGA,182.35
10,32.979,FUGA,186.29
10,32.995,FUGA,190.35
10,33.011,FUGA,194.08
10,33.031,FUGA,198.11
10,33.064,FUGA,202.70
10,33.081,FUGA,210.84
10,33.097,FUGA,214.85
10,33.114,FUGA,218.92
10,33.134,FUGA,223.02
10,33.148,FUGA,227.86
10,33.167,FUGA,231.27
10,33.180,FUGA,236.33
10,33.197,FUGA,239.92
10,33.214,FUGA,244.32
10,33.228,FUGA,248.72
10,33.246,FUGA,252.57
10,33.262,FUGA,256.52
10,33.278,FUGA,260.10
10,33.295,FUGA,263.82
10,33.312,FUGA,267.60
10,33.329,FUGA,271.38
10,33.345,FUGA,275.24
10,33.363,FUGA,278.99
10,33.380,FUGA,281.55
10,33.395,FUGA,284.06
10,33.411,FUGA,286.25
10,33.428,FUGA,288.65
10,33.445,FUGA,291.11
10,33.462,FUGA,295.01
10,33.479,FUGA,298.67
10,33.495,FUGA,302.45
10,33.512,FUGA,306.13
10,33.529,FUGA,309.98
10,33.545,FUGA,313.86
10,33.562,FUGA,317.34
10,33.579,FUGA,321.15
10,33.595,FUGA,324.96
10,33.612,FUGA,328.11
10,33.628,FUGA,331.25
10,33.645,FUGA,334.45
10,33.663,FUGA,337.26
10,33.678,FUGA,340.27
10,33.695,FUGA,342.84
10,33.711,FUGA,345.63
10,33.728,FUGA,348.37
10,33.745,FUGA,351.22
10,33.762,FUGA,354.38
10,33.778,FUGA,357.56
10,33.796,FUGA,360.75
10,33.812,FUGA,363.44
10,33.829,FUGA,365.80
10,33.845,FUGA,368.47
10,33.862,FUGA,370.92
10,33.879,FUGA,373.51
10,33.895,FUGA,376.11
10,33.911,FUGA,378.64
10,33.929,FUGA,381.20
10,33.947,FUGA,384.01
10,33.962,FUGA,386.71
10,33.979,FUGA,389.05
10,33.996,FUGA,391.77
10,34.012,FUGA,393.50
10,34.028,FUGA,395.11
10,34.046,FUGA,396.74
10,34.062,FUGA,398.51
10,34.080,FUGA,400.16
10,34.095,FUGA,402.04
10,34.112,FUGA,403.62
10,34.129,FUGA,405.36
10,34.146,FUGA,407.14
10,34.162,FUGA,408.93
10,34.179,FUGA,410.73
10,34.197,FUGA,412.53
10,34.212,FUGA,414.04
10,34.228,FUGA,415.44
10,34.246,FUGA,416.82
10,34.263,FUGA,418.41
10,34.279,FUGA,420.12
10,34.295,FUGA,421.81
10,34.312,FUGA,423.54
10,34.329,FUGA,425.29
10,34.345,FUGA,427.11
10,34.363,FUGA,428.84
10,34.379,FUGA,430.74
10,34.395,FUGA,432.38
10,34.412,FUGA,434.12
10,34.428,FUGA,435.80
10,34.445,FUGA,437.49
10,34.462,FUGA,439.17
10,34.480,FUGA,440.86
10,34.496,FUGA,442.66
10,34.512,FUGA,444.34
10,34.529,FUGA,445.93
10,34.546,FUGA,447.68
10,34.562,FUGA,449.36
10,34.579,FUGA,451.00
10,34.595,FUGA,453.80
10,34.612,FUGA,456.43
10,34.629,FUGA,459.15
10,34.645,FUGA,462.11
10,34.662,FUGA,464.72
10,34.679,FUGA,467.51
10,34.695,FUGA,469.30
10,34.712,FUGA,470.99
10,34.729,FUGA,472.68
10,34.745,FUGA,474.44
10,34.762,FUGA,476.13
10,34.779,FUGA,477.85
10,34.795,FUGA,479.69
10,34.812,FUGA,481.30
10,34.829,FUGA,483.05
10,34.845,FUGA,484.81
10,34.862,FUGA,486.49
10,34.879,FUGA,488.20
10,34.896,FUGA,489.93
10,34.914,FUGA,491.68
10,34.928,FUGA,493.55
10,34.945,FUGA,495.03
10,34.962,FUGA,496.79
10,34.978,FUGA,498.52
10,34.995,FUGA,500.24
10,35.012,FUGA,501.98
10,35.033,FUGA,503.69
10,35.049,FUGA,505.87
10,35.067,FUGA,507.59
10,35.082,FUGA,509.39
10,35.100,FUGA,510.91
10,35.115,FUGA,512.86
10,35.133,FUGA,514.33
10,35.148,FUGA,516.26
10,35.167,FUGA,517.84
10,35.183,FUGA,519.73
10,35.204,FUGA,521.48
10,35.215,FUGA,523.58
10,35.233,FUGA,524.78
10,35.248,FUGA,526.65
10,35.267,FUGA,528.23
10,35.281,FUGA,530.12
10,35.300,FUGA,531.64
10,35.316,FUGA,533.61
10,35.334,FUGA,535.28
10,35.348,FUGA,535.49
10,35.367,FUGA,535.66
10,35.381,FUGA,535.89
10,35.401,FUGA,536.07
10,35.415,FUGA,535.07
10,35.433,FUGA,534.36
10,35.446,FUGA,533.45
10,35.462,FUGA,533.26
10,35.479,FUGA,533.03
10,35.495,FUGA,532.82
10,35.512,FUGA,532.62
10,35.529,FUGA,532.43
10,35.546,FUGA,532.26
10,35.562,FUGA,531.56
10,35.580,FUGA,530.94
10,35.596,FUGA,532.19
10,35.612,FUGA,533.24
10,35.629,FUGA,534.40
10,35.645,FUGA,535.55
10,35.662,FUGA,536.71
10,35.679,FUGA,537.91
10,35.696,FUGA,539.10
10,35.713,FUGA,540.31
10,35.728,FUGA,541.56
10,35.745,FUGA,542.70
10,35.762,FUGA,543.95
10,35.779,FUGA,545.17
10,35.795,FUGA,546.46
10,35.812,FUGA,547.69
10,35.829,FUGA,548.94
10,35.846,FUGA,550.22
10,35.864,FUGA,551.56
10,35.879,FUGA,552.96
10,35.895,FUGA,554.09
10,35.912,FUGA,555.38
10,35.929,FUGA,556.70
10,35.945,FUGA,558.05
10,35.962,FUGA,559.33
10,35.979,FUGA,560.68
10,35.996,FUGA,562.01
10,36.012,FUGA,563.44
10,36.029,FUGA,564.72
10,36.045,FUGA,566.09
10,36.062,FUGA,567.46
10,36.079,FUGA,568.85
10,36.095,FUGA,570.26
10,36.112,FUGA,571.64
10,36.130,FUGA,573.04
10,36.146,FUGA,574.55
10,36.162,FUGA,575.92
10,36.181,FUGA,577.34
10,36.196,FUGA,578.94
10,36.212,FUGA,580.20
10,36.229,FUGA,581.64
10,36.248,FUGA,583.10
